Step,Seg 165,Seg 314,Seg 315,Seg 316,Seg 317,Seg 318,Seg 319,Seg 320,Seg 321,Seg 527,Seg 641,Seg 642,Seg 643,Seg 646,Seg 647,Seg 648,Seg 815,Seg 817,Seg 836,Seg 990,Seg 994,Seg 995,Seg 996,Seg 997,Seg 998,Seg 999,Seg 1000,Seg 1001,Seg 1162,Seg 1163,Seg 1329,Seg 1330,Seg 1336,Seg 1337,Seg 1338,Seg 1339,Seg 1341,Seg 1489,Seg 1509,Seg 1660,Seg 1662,Seg 1663,Seg 1664,Seg 1665,Seg 1666,Seg 1669,Seg 1674,Seg 1675,Seg 1677,Seg 1839,Seg 1840,Seg 1868,Seg 1877,Seg 1882,Seg 2022,Seg 2023,Seg 2025,Seg 2030,Seg 2032,Seg 2033,Seg 2121,Seg 2129,Seg 2214,Seg 2216,
1,0,4,622,0,10,146,0,298,0,0,312,4,0,302,134,484,0,0,0,0,6,0,0,162,6,486,50375,35699,0,0,2,182,0,0,290,2,13900,0,0,90,0,0,144,4,0,0,0,0,454,0,0,0,146,2,2,0,208,10,34,312,4,2,0,1620,
2,0,0,528,8,6,128,0,242,0,0,264,4,0,250,112,426,0,0,0,0,6,0,0,148,0,416,81619,53785,414,0,0,156,0,0,840,0,27001,0,2,648,0,0,124,0,0,0,0,0,366,0,0,0,118,0,6,0,180,12,487,260,4,0,0,1336,
3,0,0,468,22,4,1350,0,210,571,577,240,2,0,222,100,392,0,0,0,2,2,0,0,554,0,362,100165,65391,670,4,0,132,0,0,1254,2,30628,0,0,1102,0,0,104,0,0,0,0,0,312,0,0,0,108,0,0,0,146,10,1197,228,0,0,417,1190,
4,42,0,834,14,0,2330,0,184,1032,922,202,0,0,198,96,346,0,4,0,0,0,0,0,906,0,326,120055,81724,566,0,0,128,0,0,1154,0,33640,0,0,1010,0,2,104,0,0,0,0,0,280,0,0,2,96,0,0,2,130,8,3701,206,0,0,754,1076,
5,74,0,1126,14,0,2158,0,170,972,762,182,0,0,178,92,308,0,0,2,0,0,0,2,860,0,296,125712,88012,480,0,0,114,0,0,1076,0,33568,2,0,928,2,0,96,0,0,0,0,0,252,0,0,0,86,0,0,2,112,6,5574,182,2,0,688,986,
6,68,0,986,28,0,1906,0,154,866,620,152,0,0,154,82,268,0,0,2,0,0,0,0,778,0,250,112432,78684,406,0,0,98,0,0,948,0,29820,2,0,836,2,0,90,0,0,0,0,0,216,0,0,0,76,0,0,2,100,8,4996,170,4,0,606,842,
7,48,0,838,26,0,1626,0,124,728,486,122,0,0,134,76,226,0,0,2,0,0,0,0,638,0,216,95294,66850,310,0,0,78,0,0,774,0,25348,2,0,730,2,0,76,0,0,0,0,0,186,0,0,0,64,0,0,2,88,6,4232,140,4,0,490,684,
8,44,0,680,20,0,1358,0,106,620,364,102,0,0,114,58,188,0,0,0,0,0,0,0,518,0,166,78178,55218,238,0,0,64,0,0,634,0,20860,2,0,576,2,0,62,0,0,0,0,0,152,0,0,0,48,0,0,2,72,6,3504,104,4,0,414,566,
9,32,0,544,18,0,1096,0,80,496,0,86,0,0,94,54,148,0,0,0,0,0,0,0,414,0,124,62404,44072,0,0,0,52,0,0,514,0,16624,2,0,438,2,0,50,0,0,0,0,0,122,0,0,0,36,0,0,0,50,4,2800,88,4,0,346,466,
10,22,0,450,16,0,828,0,60,388,0,64,0,0,72,36,110,0,0,0,0,0,0,0,326,0,100,47872,34058,0,0,0,40,0,0,400,0,12686,2,0,314,2,0,42,0,0,0,0,0,96,0,0,0,28,0,0,0,38,4,2152,68,0,0,276,348,
11,20,0,350,12,0,664,0,48,308,0,48,0,0,60,32,86,0,0,0,0,0,0,0,242,0,68,37816,26928,0,2,0,30,0,0,312,0,9864,0,0,256,2,0,30,0,0,0,0,0,74,0,0,0,24,0,0,0,30,2,1682,54,0,0,224,262,
12,18,0,286,14,0,532,0,40,250,0,40,0,0,36,22,62,0,2,0,0,0,0,0,192,0,54,31899,23505,0,0,0,26,0,0,264,0,8730,0,0,204,0,0,26,2,0,0,0,0,60,0,0,0,22,0,0,0,26,0,1294,46,0,0,190,226,
13,16,0,1634,0,2,1006,0,34,615,0,34,0,0,32,22,40,0,572,0,0,0,0,0,725,0,40,57055,39707,2,0,0,22,0,0,224,0,13351,0,0,174,0,0,20,0,0,0,0,0,54,0,0,0,18,0,0,0,20,2,2255,38,0,0,160,184,
14,14,0,2646,6,0,1400,0,28,870,0,28,0,0,26,18,32,0,972,0,0,0,0,0,1138,0,32,99439,64333,0,0,0,20,2,0,198,0,20671,0,0,148,0,0,16,0,0,0,0,0,48,0,0,0,12,0,0,0,16,2,4680,26,568,0,144,146,
15,14,0,2358,443,0,1258,0,20,768,0,24,0,2,24,16,32,0,862,0,0,0,0,0,1024,0,30,121245,80072,0,0,0,16,0,0,586,0,24482,0,0,122,0,0,12,0,0,0,2,0,42,0,0,0,10,0,0,0,16,4,7064,22,1038,0,134,130,
16,12,0,2204,772,0,1150,2,18,692,0,20,2,0,20,16,26,0,776,0,0,0,0,0,962,0,28,131315,88110,0,0,0,16,0,0,930,0,26611,0,0,112,0,0,12,0,0,0,0,2,38,0,0,0,10,0,0,0,16,0,8745,20,970,0,126,118,
17,10,0,2010,726,2,1058,0,16,654,0,22,0,0,12,12,26,0,696,0,0,0,0,0,892,0,26,131272,86504,0,0,0,14,0,0,858,0,26736,0,0,94,0,0,10,0,0,0,0,2,36,0,0,0,8,0,0,0,14,2,8924,20,918,0,118,100,
18,8,0,1732,654,2,918,0,12,568,0,18,0,0,10,10,24,0,612,0,0,0,0,0,776,0,24,115970,76562,0,0,0,12,0,0,748,0,23650,0,0,78,0,0,10,0,0,0,0,2,30,0,0,0,8,0,0,0,10,2,7898,20,790,0,94,92,
19,8,0,1414,570,2,762,0,8,502,0,16,0,0,8,8,22,0,512,0,0,0,0,0,690,0,24,98552,65118,0,0,0,10,0,0,614,0,20002,0,0,64,0,0,6,0,0,0,0,2,28,0,0,0,8,0,0,0,10,2,6746,14,676,0,80,72,
20,8,0,1120,448,2,598,0,6,382,0,8,0,0,6,8,20,0,414,0,0,0,0,0,542,0,18,77316,51314,0,0,0,8,0,0,470,0,15782,0,0,36,0,0,6,0,0,0,0,2,22,0,0,0,6,0,0,0,8,0,5310,12,532,0,62,52,
21,6,0,850,332,2,456,0,6,292,0,4,0,0,4,8,14,0,342,0,0,0,0,0,382,0,14,60142,39928,0,0,0,6,0,0,362,0,12126,0,0,24,0,0,4,0,0,0,0,2,16,0,0,0,2,0,0,0,6,0,4110,10,428,0,58,42,
22,4,0,648,266,2,362,0,6,234,0,4,0,0,4,8,12,0,246,0,0,0,0,0,268,0,8,46196,30604,0,0,0,4,0,0,268,0,9400,0,0,18,0,0,4,0,0,0,0,2,12,0,0,0,2,0,0,0,4,0,3136,10,334,0,40,28,
23,4,0,488,202,2,276,0,8,162,0,2,0,0,4,6,10,0,190,0,0,0,0,0,208,0,8,35794,23806,0,0,0,4,0,0,196,0,7358,0,0,12,0,0,0,0,0,0,0,2,10,0,0,0,2,0,0,0,4,2,2476,6,258,0,36,32,
24,4,0,388,162,576,214,0,6,124,0,2,2,0,4,6,12,0,140,0,0,0,0,0,166,0,4,31285,21725,0,0,0,4,0,0,158,0,6451,0,0,8,0,0,0,0,0,0,0,0,6,0,0,0,0,0,0,0,2,0,2052,6,212,0,30,20,
25,4,0,322,704,998,172,0,4,667,0,4,0,0,4,6,8,0,120,0,0,0,0,0,144,0,4,52352,36733,0,0,0,4,0,0,122,0,9996,0,0,6,0,0,0,0,0,0,0,0,6,0,0,0,0,0,0,2,0,572,2319,6,180,0,22,4,
26,4,0,286,1691,870,152,0,2,1086,0,2,2,0,4,0,4,0,102,0,0,0,0,0,124,0,2,78468,52961,0,0,0,4,0,0,102,0,13750,0,0,6,0,0,0,0,0,0,0,0,578,0,0,0,0,0,2,0,0,1421,3388,4,152,0,20,2,
27,0,0,657,2066,1184,130,2,0,946,0,4,0,0,0,0,2,0,88,0,2,0,0,0,513,0,2,84727,59243,0,0,0,4,0,0,94,0,16989,0,0,6,0,0,0,0,0,0,0,0,1429,95,0,0,0,0,0,0,0,1642,3842,0,130,0,16,2,
28,2,0,1416,2318,1478,122,0,0,868,0,0,0,0,0,0,0,0,72,0,0,0,0,0,850,0,0,87396,64046,0,0,0,0,0,0,90,0,19078,0,0,6,4,0,0,0,0,0,0,0,1664,178,0,0,0,0,0,0,0,1536,4116,0,112,0,18,0,
29,2,0,1690,2528,1388,110,0,0,808,0,0,2,0,0,0,0,0,62,0,0,0,2,0,802,0,0,84988,62378,0,0,0,0,0,0,80,0,17642,0,0,6,2,0,0,2,0,2,0,0,1516,172,0,0,0,0,0,0,0,1420,4318,0,94,0,14,0,
30,2,0,1518,2286,1258,102,0,0,716,0,0,2,0,0,0,0,0,56,0,0,0,2,0,734,0,0,76776,56158,0,0,0,0,0,0,76,0,15814,0,0,6,2,0,0,2,0,2,0,0,1332,156,0,0,0,0,0,0,0,1256,3904,0,80,0,14,0,
31,2,0,1294,2016,1072,84,0,0,612,0,0,2,0,0,0,0,0,52,0,0,0,2,0,620,0,0,65040,47804,0,0,0,0,0,0,58,0,13358,0,0,6,2,0,0,0,0,2,0,0,1122,134,0,0,0,0,0,0,0,1096,3340,0,68,0,10,0,
32,2,0,1058,1652,874,66,0,0,498,0,0,2,0,0,0,0,0,40,0,0,0,2,0,502,0,0,52968,38976,0,0,0,0,0,0,46,0,10864,0,0,4,2,0,0,0,0,2,0,0,880,110,0,0,0,0,0,0,0,902,2736,0,60,0,8,0,
33,2,0,778,1298,666,46,0,0,394,0,0,2,0,0,0,0,0,26,0,0,0,2,0,380,0,0,41586,30560,0,0,0,0,0,0,32,0,8432,0,0,4,2,0,0,0,0,0,0,0,700,80,0,0,0,0,0,0,0,712,2160,0,48,0,8,0,
34,0,0,616,1000,516,36,0,0,292,0,0,2,0,0,0,0,0,14,0,0,0,2,0,292,0,0,32034,23612,0,0,0,0,0,0,28,0,6480,0,0,4,2,0,0,0,0,0,0,0,554,60,0,0,0,0,0,0,0,528,1638,0,36,0,8,0,
35,0,0,482,790,382,30,0,0,222,0,0,2,0,0,0,0,0,14,0,0,0,0,0,238,0,0,25206,18728,0,0,0,0,0,0,22,0,5110,0,0,4,0,0,0,0,0,0,0,0,444,48,0,0,0,0,0,0,0,412,1282,0,30,0,6,0,
36,0,0,384,636,294,26,0,0,184,0,0,0,0,0,0,0,0,12,0,0,0,0,0,176,0,0,21553,15022,0,0,0,0,0,0,18,0,4060,0,0,2,0,0,0,0,0,0,0,0,362,36,0,0,0,0,0,0,0,316,1451,0,20,0,6,0,
37,0,0,1455,1673,1095,16,0,0,721,0,0,0,0,0,0,0,0,4,0,0,0,0,0,152,0,0,35008,25001,0,0,0,0,0,0,14,0,5977,0,0,2,0,0,0,0,0,0,0,0,310,32,0,0,0,0,0,0,0,256,4117,0,14,0,6,0,
38,0,0,2276,2464,2076,16,0,0,1120,0,0,0,0,0,0,0,0,2,0,0,0,0,0,132,0,0,51172,36723,0,0,0,0,0,0,433,0,7966,0,0,0,0,0,0,0,0,0,0,0,272,26,0,0,0,0,2,0,0,224,6284,0,12,0,4,0,
39,0,0,2078,2679,2286,14,0,0,1018,0,0,0,0,0,0,0,2,2,0,0,0,0,0,112,0,0,60999,41176,2,0,0,0,0,0,776,0,8137,0,0,0,0,0,0,0,2,0,0,0,236,22,0,0,0,0,0,0,0,208,6078,0,10,0,0,0,
40,0,0,1960,2858,2547,14,2,0,954,0,0,0,0,0,0,415,0,2,0,0,0,0,0,110,0,0,70900,47346,0,2,0,0,0,0,734,0,10198,0,0,0,0,0,0,0,2,0,0,0,216,20,2,0,0,0,0,0,0,182,6534,0,6,0,0,0,
41,0,0,1768,2582,2694,14,2,0,868,0,0,0,0,0,0,770,0,2,0,0,0,0,0,92,0,0,70548,47790,0,2,0,0,0,0,690,0,11214,0,0,0,0,0,0,0,2,0,0,0,180,16,2,0,0,0,0,0,0,172,6706,0,6,0,0,0,
42,0,0,1580,2280,2450,14,2,0,768,0,0,0,0,0,0,700,0,2,0,0,0,0,0,76,0,0,62870,42578,0,2,0,0,0,0,616,0,9990,0,0,0,0,0,0,0,2,0,0,0,152,14,2,0,0,0,0,0,0,152,6000,0,6,0,0,0,
43,0,0,1358,1934,2092,14,2,0,674,0,0,0,0,0,0,580,0,2,0,0,0,0,0,64,0,0,52864,35812,0,2,0,0,0,0,506,0,8326,0,0,0,0,0,0,0,0,0,0,0,132,12,2,0,0,0,0,0,0,130,4970,0,6,0,0,0,
44,0,0,1116,1512,1676,14,2,0,546,0,0,0,0,0,0,460,0,2,0,0,0,0,0,52,0,0,42538,28706,0,2,0,0,0,0,410,0,6684,0,0,0,0,0,0,0,0,0,0,0,108,8,2,0,0,0,0,0,0,106,4032,0,4,0,0,0,
45,0,0,886,1206,1308,12,2,0,452,0,0,0,0,0,0,356,0,0,0,0,0,0,0,44,0,0,34036,22768,0,2,0,0,0,0,336,0,5244,0,0,0,0,0,0,0,0,0,0,0,84,4,2,0,0,0,0,0,0,90,3162,0,4,0,0,0,
46,0,0,706,910,1010,6,0,0,362,0,0,0,0,0,0,294,0,0,0,0,0,0,0,32,0,0,26660,17998,0,2,0,0,0,0,268,0,4186,0,0,0,0,0,0,0,0,0,0,0,66,2,2,0,0,0,0,0,0,74,2464,6,2,0,0,0,
47,0,0,552,722,796,4,2,0,290,0,0,0,0,0,0,240,0,0,0,0,0,0,0,32,0,0,20794,14330,0,2,0,0,0,0,206,0,3274,0,0,0,0,0,0,0,0,0,0,0,56,2,2,0,0,0,0,0,0,62,1982,2,0,0,0,0,
48,0,0,454,580,638,4,0,0,238,0,2,0,0,0,0,192,0,0,0,0,0,2,0,24,0,0,18214,13323,0,0,0,0,0,0,154,0,2672,0,0,0,0,0,0,0,0,0,0,0,48,0,0,0,0,0,0,0,0,52,2426,0,0,0,0,0,
49,0,0,950,490,534,0,573,0,208,0,0,2,0,0,0,170,0,0,0,0,0,0,0,18,0,0,26701,24164,0,0,0,0,0,0,138,0,7317,0,0,0,0,0,0,0,0,0,0,0,34,0,0,0,0,0,0,0,0,42,5476,0,0,0,0,0,
50,0,0,1312,412,478,0,994,0,168,0,2,413,0,0,0,144,0,0,0,0,0,0,0,16,0,0,43924,36411,0,0,0,0,0,0,116,0,11602,0,0,0,0,0,0,0,0,0,0,0,30,0,0,0,0,0,0,0,0,32,7566,0,0,0,0,2,
51,41,0,1176,376,414,0,882,0,158,0,0,738,0,0,0,134,0,0,0,0,0,0,0,14,0,0,60683,43943,0,0,0,0,0,0,108,0,12322,0,0,0,0,0,0,0,0,0,0,0,32,0,0,0,0,0,0,0,0,28,8867,0,0,0,0,0,
52,74,0,1112,1173,374,2,820,0,150,0,0,688,0,0,0,126,0,0,0,0,0,0,0,14,0,0,76795,52408,0,0,0,0,0,0,106,0,12871,0,0,0,0,0,0,0,0,0,0,0,28,2,0,0,0,0,0,0,0,26,10195,0,0,0,0,0,
53,64,0,1014,1858,330,2,774,0,130,0,0,654,0,0,0,120,0,0,0,0,0,0,0,18,0,0,80924,54042,0,0,0,0,0,0,98,0,12340,0,0,0,0,0,0,0,0,0,0,0,28,2,0,0,0,0,0,0,0,26,9978,0,0,0,0,0,
54,60,0,914,1658,298,2,678,0,112,0,0,592,0,0,0,102,0,0,0,0,0,0,0,18,0,0,72220,48262,0,0,0,0,0,0,86,0,11042,0,0,0,0,0,0,0,0,0,0,0,26,2,0,0,0,0,0,0,0,22,8864,0,0,0,0,0,
55,50,0,762,1456,256,2,570,0,102,0,0,516,0,0,0,88,0,0,0,0,0,0,0,16,0,0,61766,41488,0,0,0,0,0,0,72,0,9474,0,0,0,0,0,0,0,0,0,0,0,22,0,0,0,0,0,0,0,0,14,7612,0,0,0,0,0,
56,40,0,582,1164,212,2,452,0,86,0,0,416,0,0,0,68,0,0,0,0,0,0,0,10,0,0,49198,33020,0,0,0,0,0,0,54,0,7570,0,0,0,0,0,0,0,0,0,0,0,22,0,0,0,0,0,0,0,0,12,6112,0,0,0,0,0,
57,28,0,452,904,160,2,390,0,58,0,0,330,0,0,0,48,0,0,0,0,0,0,0,8,0,0,38970,26042,0,0,0,0,0,0,42,0,5850,0,0,0,0,0,0,0,0,0,0,0,18,0,0,0,0,0,0,0,0,12,4800,0,0,0,0,0,
58,24,0,332,690,134,2,314,8,74,0,0,232,0,0,0,28,0,0,0,0,0,0,0,6,0,0,29118,19432,0,0,0,0,0,0,26,0,4282,0,0,0,0,0,0,0,0,0,0,0,12,0,0,0,0,0,0,0,0,12,3578,0,0,0,0,0,
59,22,0,250,510,112,2,248,2,36,0,0,188,0,0,0,20,0,0,0,0,0,0,0,6,0,0,22884,15290,0,0,0,0,0,0,26,0,3368,0,0,0,0,0,0,0,0,0,0,0,10,0,0,0,0,0,0,0,0,8,2828,0,0,0,0,0,
60,18,0,196,422,100,6,194,0,34,0,0,156,0,0,0,16,0,0,0,0,0,0,0,8,0,0,19282,12604,0,0,0,0,0,0,22,0,2794,0,0,0,0,0,0,0,0,0,0,0,4,0,0,0,0,0,0,0,0,4,2346,0,0,0,0,0,
61,14,0,158,1340,509,0,166,0,18,0,0,555,0,0,0,12,0,0,0,0,0,0,0,4,0,0,32595,19465,0,0,0,0,0,0,1163,0,5608,0,0,0,0,0,0,0,0,0,0,0,416,0,0,0,0,0,0,0,0,0,2024,0,0,0,0,0,
62,12,0,132,2062,810,0,138,0,18,0,0,856,0,0,0,6,0,0,0,0,0,0,0,4,0,0,48070,30050,0,0,0,0,0,0,2456,0,8614,0,0,0,0,0,0,0,0,0,0,0,738,0,0,0,0,0,0,0,0,0,3184,0,0,0,0,2,
63,10,0,522,1844,724,0,126,0,12,0,0,784,0,0,0,8,0,0,0,0,0,0,0,4,0,0,53604,33399,0,0,0,0,0,0,2540,0,9559,0,0,0,0,0,0,0,0,0,0,0,666,0,0,0,0,0,0,0,0,0,4703,0,0,0,0,0,
64,8,0,872,1734,666,4,112,0,14,0,0,724,0,0,0,6,0,0,0,0,0,0,0,2,0,0,60083,36026,0,0,0,0,0,0,2382,0,9910,0,0,0,0,0,0,0,0,0,0,0,602,0,0,0,0,0,0,0,0,2,5731,0,0,0,0,0,
65,8,0,816,1620,628,2,102,0,12,0,0,680,0,0,0,4,0,0,0,0,0,0,0,2,0,0,60696,36752,0,0,0,0,0,0,2256,0,9310,0,0,0,0,0,0,0,0,0,0,0,550,0,0,0,0,0,0,0,0,0,6102,0,0,0,0,0,
66,8,0,708,1490,556,2,92,0,12,0,0,612,0,0,0,4,0,0,0,0,0,0,0,2,0,0,53874,32478,0,0,0,0,0,0,1966,0,8220,0,0,0,0,0,0,0,0,0,0,0,490,0,0,0,0,0,0,0,0,0,5458,0,0,0,0,0,
67,8,0,604,1276,466,2,70,0,12,0,0,520,0,0,0,4,0,0,0,0,0,0,0,2,0,0,45920,27630,0,0,0,0,0,0,1680,0,6988,0,0,0,0,0,0,0,0,0,0,0,406,0,0,0,0,0,0,0,0,0,4642,0,0,0,0,0,
68,4,0,488,1036,398,2,56,0,10,0,0,428,0,0,0,4,0,0,0,0,0,0,0,2,0,0,37322,22366,0,0,0,0,0,0,1278,0,5550,0,0,0,0,0,0,0,0,0,0,0,336,0,0,0,0,0,0,0,0,0,3640,0,0,0,0,0,
69,2,0,390,828,314,2,48,0,8,0,0,344,0,0,0,4,0,0,0,0,0,0,0,2,0,0,29330,17780,0,0,0,0,0,0,1002,0,4422,0,0,0,0,0,0,0,0,0,0,0,260,0,0,0,0,0,0,0,0,0,2868,0,0,0,0,0,
70,2,0,306,648,254,0,36,0,10,0,0,276,0,0,0,4,0,0,0,0,0,0,0,2,0,0,22584,13778,0,0,0,0,0,0,774,0,3346,0,0,0,0,0,0,0,0,0,0,0,210,0,0,0,0,0,0,0,0,0,2232,0,0,0,0,0,
71,2,0,248,484,186,0,26,0,6,0,0,234,0,0,0,0,0,0,0,0,0,0,0,4,0,0,17834,10876,0,0,0,0,0,0,578,0,2606,0,0,0,0,0,0,0,0,0,0,0,150,0,0,0,0,0,0,0,0,2,1778,0,0,0,0,0,
72,0,0,202,802,150,0,26,0,6,0,0,184,0,0,0,0,0,0,0,0,0,0,0,0,0,0,15656,10329,0,0,0,0,0,0,466,0,2174,0,0,0,0,0,0,0,0,0,0,0,130,0,0,0,0,0,0,0,0,4,1462,0,0,0,0,0,
73,0,0,162,2156,535,0,18,0,0,0,2,735,0,0,0,2,0,0,0,0,0,0,0,574,0,0,28612,17757,0,0,0,0,0,0,378,0,2669,0,0,0,0,0,0,0,0,0,0,0,102,0,0,0,0,0,0,0,0,0,1232,0,0,0,0,0,
74,0,0,1125,2868,842,2,18,0,4,0,2,1138,0,0,0,0,0,0,0,0,0,0,0,1046,0,0,43726,25914,0,0,0,0,0,0,312,0,3840,0,0,0,0,0,0,0,0,0,0,0,86,0,0,0,0,0,0,0,0,2,1918,0,0,0,0,0,
75,0,0,2404,2560,752,2,16,0,2,0,0,1056,0,0,0,0,0,0,0,0,0,0,0,974,0,0,49315,29457,0,0,0,0,0,0,274,0,5421,0,0,0,0,0,0,0,0,0,0,0,66,0,0,0,0,0,0,0,0,0,2890,0,0,0,0,0,
76,0,0,2774,2370,1108,0,12,0,2,0,0,1004,0,0,0,0,0,0,0,0,0,0,0,914,0,0,53301,33456,0,0,0,0,0,0,256,0,7060,0,0,0,0,0,0,0,0,0,0,0,54,0,0,0,0,0,0,0,0,989,3086,0,0,0,0,0,
77,0,0,2578,2204,1414,2,10,0,6,0,0,952,0,0,0,0,0,0,0,0,0,0,0,856,0,0,52114,33898,0,0,0,0,0,0,232,0,7354,0,0,0,0,0,0,0,0,0,2,0,50,0,0,0,0,0,0,0,0,1846,2890,0,0,0,0,0,
78,0,0,2272,1958,1248,2,6,0,6,0,0,836,0,0,0,0,0,0,0,0,0,0,0,762,0,0,46136,29928,0,0,0,0,0,0,210,0,6486,0,0,0,0,0,0,0,0,0,2,0,36,0,0,0,0,0,0,0,0,1638,2530,0,0,0,0,0,
79,0,0,1980,1656,1048,2,6,0,6,0,0,714,0,0,0,0,0,0,0,0,0,0,0,666,0,0,39412,25462,0,0,0,0,0,0,180,0,5518,0,0,0,0,0,0,0,0,0,2,0,24,0,0,0,0,0,0,0,0,1386,2138,0,0,0,0,0,
80,0,0,1584,1308,828,2,6,0,6,0,0,556,0,0,0,0,0,0,0,0,0,0,0,514,0,0,31140,20376,0,0,0,0,0,0,140,0,4448,0,0,0,0,0,0,0,0,0,2,0,20,0,0,0,0,0,0,0,0,1120,1716,0,0,0,0,0,
81,0,0,1188,992,618,2,6,0,4,0,0,410,0,0,0,0,0,0,0,0,0,0,0,384,0,0,24082,15858,0,0,0,0,0,0,98,0,3402,0,0,0,0,0,0,0,0,0,0,0,16,0,0,0,0,0,0,0,0,854,1340,0,0,0,0,0,
82,0,0,918,768,478,2,0,0,4,0,0,310,0,0,0,0,0,0,0,0,0,0,0,300,0,0,18820,12234,0,0,0,0,0,0,74,0,2588,0,0,0,0,0,0,0,0,0,0,0,10,0,0,0,0,0,0,0,0,652,1040,0,0,0,0,0,
83,0,0,696,586,390,2,0,0,2,0,0,228,0,0,0,0,0,0,0,0,0,0,0,210,0,0,14636,9624,0,0,0,0,0,0,52,0,2020,0,0,0,0,0,0,0,0,0,0,0,10,0,0,0,0,0,0,0,0,508,806,0,0,0,0,0,
84,0,0,554,470,320,2,0,0,0,0,0,188,0,0,0,0,0,0,0,0,0,0,0,170,0,0,14570,8205,0,0,0,0,0,0,34,0,2027,0,0,0,0,0,0,0,0,0,0,0,10,0,0,0,0,0,0,0,0,404,618,0,0,0,0,0,
85,0,0,458,404,685,0,0,0,0,0,0,158,0,0,0,0,0,0,0,0,0,0,0,144,0,0,25198,15797,0,0,0,0,0,0,22,0,4129,0,0,0,0,0,0,0,0,0,0,0,10,0,0,0,0,0,0,0,0,348,1079,0,0,0,0,0,
86,0,0,820,911,1382,0,0,0,0,0,826,128,0,0,0,0,0,0,0,0,0,0,0,124,0,0,35209,26310,0,0,0,0,0,0,20,0,5380,0,0,0,0,0,0,0,0,0,0,0,8,0,0,0,0,0,0,0,0,312,1462,0,0,0,0,0,
87,0,0,1487,2178,1646,0,0,0,412,0,1496,114,0,0,0,0,0,0,0,0,0,0,0,116,0,0,43859,32119,0,0,0,0,0,0,18,0,5253,0,0,0,0,0,0,0,0,0,0,0,6,0,0,0,0,0,0,0,0,292,1280,0,0,0,0,0,
88,0,0,1792,2762,1554,0,0,0,784,0,1390,106,0,0,0,0,0,0,0,0,0,0,0,108,0,0,52415,38786,0,0,0,0,0,0,16,0,5669,0,0,0,0,0,0,0,0,0,0,0,4,0,0,0,0,0,0,0,0,278,2191,0,0,0,0,0,
89,0,0,1612,2506,1396,0,0,0,736,0,1276,100,0,0,0,0,0,0,0,0,0,0,0,96,0,0,52148,40784,0,0,0,0,0,0,14,0,5644,0,0,0,0,0,0,0,0,0,0,0,4,0,0,0,0,0,0,0,0,246,2936,0,0,0,0,0,
90,0,0,1428,2190,1216,0,0,0,658,0,1116,76,0,0,0,0,0,0,0,0,0,0,0,76,0,0,46422,36354,0,0,0,0,0,0,12,0,5056,0,0,0,0,0,0,0,0,0,0,0,4,0,0,0,0,0,0,0,0,200,2664,0,0,0,0,0,
91,0,0,1214,1850,1012,0,0,0,546,0,938,56,0,0,0,0,0,0,0,0,0,0,0,58,0,0,39462,30920,0,0,0,0,0,0,10,0,4268,0,0,0,0,0,0,0,0,0,0,0,4,0,0,0,0,0,0,0,0,160,2246,0,0,0,0,0,
92,0,0,1030,1488,838,0,0,0,462,0,750,34,0,0,0,0,0,0,0,0,0,0,0,48,0,0,31622,24902,0,0,0,0,0,0,10,0,3440,0,0,0,0,0,0,0,0,0,0,0,2,0,0,0,0,0,0,0,0,134,1778,0,0,0,0,0,
93,0,0,794,1138,644,0,0,0,368,0,610,30,0,0,0,0,0,0,0,0,0,0,0,34,0,0,24768,19458,0,0,0,0,0,0,8,0,2594,0,0,0,0,0,0,0,0,0,0,0,2,0,0,0,0,0,0,0,0,98,1378,0,0,0,0,0,
94,0,0,598,872,468,0,0,0,292,0,452,24,0,2,8,0,0,0,0,0,0,0,0,22,0,0,18854,14754,0,0,0,0,0,2,8,0,1996,0,0,0,0,0,0,0,0,0,0,0,2,0,0,0,0,0,0,0,0,60,1026,0,0,0,0,0,
95,0,0,480,662,348,0,0,0,238,0,354,20,0,2,2,0,0,0,0,0,0,0,0,16,0,0,14696,11510,0,0,0,0,0,2,8,0,1548,0,0,0,0,0,0,0,0,0,0,0,0,0,0,0,0,0,0,0,0,50,792,0,0,0,0,0,
96,0,0,406,542,266,0,0,0,202,0,294,12,0,0,0,0,0,0,0,0,0,0,0,14,0,0,13089,10730,0,0,0,0,0,0,8,0,1296,0,0,0,0,0,0,0,0,0,0,0,0,0,0,0,0,0,0,0,0,40,662,0,0,0,0,0,
97,0,0,1594,1290,196,0,0,0,164,0,651,10,0,0,0,0,0,0,0,0,0,0,0,12,0,0,22651,15302,0,0,0,0,0,0,2,0,2350,0,0,0,0,0,0,0,0,0,0,0,576,0,0,0,0,0,0,0,0,34,556,0,0,0,0,0,
98,0,0,2490,1868,156,0,0,0,154,0,948,6,0,0,0,0,0,0,0,0,0,0,0,12,0,0,34279,20963,0,0,0,0,0,0,0,0,3537,0,0,0,0,0,0,0,0,0,0,0,1028,0,0,0,0,0,0,0,0,28,897,0,0,0,0,0,
99,0,0,2260,1680,130,0,0,0,130,0,866,4,0,0,0,2,0,0,0,0,0,0,0,10,0,0,38978,23370,0,0,0,0,0,0,0,0,3596,0,0,0,0,0,0,0,0,0,0,0,928,0,0,0,0,0,0,0,0,28,1182,0,0,0,0,0,
100,0,0,2148,1584,120,0,0,0,124,0,836,4,0,0,0,0,0,0,0,0,0,0,0,8,0,0,43590,29469,0,0,0,0,0,0,0,0,4642,0,0,0,0,0,0,0,0,0,0,0,862,0,0,0,0,0,0,0,0,26,1515,0,0,0,0,0,
101,0,0,1942,1464,110,0,0,0,118,0,766,4,0,0,0,0,0,0,0,0,0,0,0,6,0,0,44244,32846,0,0,0,0,0,0,0,0,5432,0,0,0,0,0,0,0,0,0,0,0,774,0,0,0,0,0,0,0,0,24,1778,0,0,0,0,0,
102,0,0,1686,1298,96,0,0,0,104,0,672,2,0,0,0,0,0,0,0,0,0,0,0,4,0,0,39452,29352,0,0,0,0,0,0,0,0,4806,0,0,0,0,0,0,0,0,0,0,0,680,0,0,0,0,0,0,0,0,20,1588,0,0,0,0,0,
103,0,0,1404,1078,80,0,0,0,82,0,552,2,0,0,0,0,0,0,0,0,0,0,0,4,0,0,32976,24516,0,0,0,0,0,0,0,0,3994,0,0,0,0,0,0,0,0,0,0,0,550,0,0,0,0,0,0,0,0,20,1348,0,0,0,0,0,
104,0,0,1142,880,62,0,0,0,64,0,452,2,0,0,0,0,0,0,0,0,0,0,0,4,0,0,26444,19672,0,0,0,0,0,0,0,0,3196,0,0,0,0,0,0,0,0,0,0,0,460,0,0,0,0,0,0,0,0,20,1068,0,0,0,0,0,
105,0,0,904,676,46,0,0,0,46,0,344,2,0,0,0,0,0,0,0,0,0,0,0,2,0,0,20688,15516,0,0,0,0,0,0,0,0,2454,0,0,0,0,0,0,0,0,0,0,0,366,0,0,0,0,0,0,0,0,14,838,0,0,0,0,0,
106,0,0,706,512,36,0,0,0,44,0,242,2,0,0,0,0,0,0,0,0,0,0,0,0,0,0,15780,11816,0,0,0,0,0,0,0,0,1872,0,0,0,0,0,0,0,0,0,0,0,286,0,0,0,0,0,0,0,0,6,652,0,0,0,0,0,
107,0,0,548,404,32,0,2,10,30,0,184,2,0,0,0,0,0,0,0,0,0,0,0,0,0,0,12388,9220,0,0,0,0,0,0,0,0,1494,0,0,0,0,0,0,0,0,0,0,0,246,0,0,0,0,0,0,0,0,4,538,0,0,0,0,0,
108,0,0,438,318,28,0,0,0,22,0,140,2,0,0,0,0,0,0,0,0,0,0,0,0,0,0,10445,7318,0,0,0,0,0,0,0,0,2000,0,0,0,0,0,0,0,0,0,0,0,208,0,0,0,0,0,0,0,0,4,456,0,0,0,0,0,
109,0,0,370,258,24,0,0,0,18,0,118,0,0,0,0,0,0,0,0,0,0,0,0,0,0,0,16951,11350,0,0,0,0,0,0,0,0,2781,0,0,0,0,0,0,0,0,0,0,0,178,0,0,0,0,0,0,0,0,4,370,0,0,0,0,0,
110,0,0,296,228,16,0,0,0,14,0,98,0,0,0,0,4,0,0,0,0,0,0,0,2,0,0,26266,16226,0,0,0,0,0,0,0,0,2760,0,0,0,0,0,0,0,0,0,0,0,152,0,0,0,0,0,0,0,0,2,1731,0,0,0,0,0,
111,0,0,240,202,12,0,0,0,14,0,90,0,0,0,0,4,0,0,0,0,0,0,0,2,0,0,31546,17188,0,0,0,0,0,0,0,0,2486,0,0,0,0,0,0,0,0,0,0,0,138,0,0,0,0,0,0,0,0,4,2840,0,0,0,0,0,
112,0,0,222,190,16,0,0,0,16,0,82,2,0,0,0,0,0,0,0,0,0,0,0,0,0,0,35024,21172,0,0,0,0,0,0,0,0,2338,0,0,0,0,0,0,0,0,0,0,0,126,0,0,0,0,0,0,0,0,2,2662,0,0,0,0,0,
113,0,0,190,180,12,0,2,0,14,0,72,0,0,0,0,0,0,0,0,0,0,0,0,0,0,0,34486,23252,0,0,0,0,0,0,2,0,2168,0,0,0,0,0,0,0,0,0,0,0,112,0,0,0,0,0,0,0,0,0,2506,0,0,0,0,0,
114,0,0,156,160,12,0,6,12,14,0,70,0,0,0,0,0,0,0,0,0,0,0,0,0,0,0,30830,20660,0,0,0,0,0,0,2,0,1934,0,0,0,0,0,0,0,0,0,0,0,108,0,0,0,0,0,0,0,0,0,2226,0,0,0,0,0,
115,0,0,132,126,10,0,2,12,10,0,60,0,0,0,0,0,0,0,0,0,0,0,0,0,0,0,26144,17498,0,0,0,0,0,0,2,0,1628,0,0,0,0,0,0,0,0,0,0,0,82,0,0,0,0,0,0,0,0,0,1874,0,0,0,0,0,
116,0,0,100,104,6,0,2,10,10,0,48,0,0,0,0,0,0,0,0,0,0,0,0,0,0,0,21548,14484,0,0,0,0,0,0,2,0,1352,0,0,0,0,0,0,0,0,0,0,0,64,0,0,0,0,0,0,0,0,0,1526,0,0,0,0,0,
117,0,0,62,86,4,0,2,8,6,0,40,0,0,0,0,0,0,0,0,0,0,0,0,0,0,0,16846,11278,0,0,0,0,0,0,2,0,1040,0,0,0,0,0,0,0,0,0,0,0,54,0,0,0,0,0,0,0,0,0,1202,0,0,0,0,0,
118,0,0,42,78,4,0,0,0,4,0,36,0,0,0,0,0,0,0,0,0,0,0,0,0,0,0,12778,8672,0,0,0,0,0,0,2,0,766,0,0,0,0,0,0,0,0,0,0,0,36,0,0,0,0,0,0,0,0,0,936,0,0,0,0,0,
119,0,0,30,48,4,0,0,0,2,0,32,0,0,0,0,0,0,0,0,0,0,0,0,0,0,0,9916,6762,0,0,0,0,0,0,2,0,582,0,0,0,0,0,0,0,0,0,0,0,26,0,0,0,0,0,0,0,0,0,698,0,0,0,0,0,
120,0,0,22,36,419,0,0,0,2,0,18,0,0,0,0,0,0,0,0,0,0,0,0,0,0,0,7776,6969,0,0,0,0,0,0,0,0,462,0,0,0,0,0,0,0,0,0,0,0,26,0,0,0,0,0,0,0,0,0,544,0,0,0,0,0,
121,0,0,16,603,688,0,0,0,2,0,14,0,0,0,0,0,0,0,0,0,0,0,0,0,0,0,11283,12913,0,0,0,0,0,0,413,0,942,0,0,0,0,0,0,0,0,0,0,0,24,0,0,0,0,0,0,0,0,0,446,0,0,0,0,0,
122,0,0,22,986,594,0,0,0,0,0,6,0,0,0,0,0,0,0,0,0,0,0,0,0,0,0,16406,18616,0,0,0,0,0,0,738,0,1706,0,0,0,0,0,0,0,0,0,0,0,24,0,0,0,0,0,0,0,0,0,1214,0,0,0,0,0,
123,0,0,422,898,548,0,0,0,6,0,6,0,0,0,0,2,0,0,0,0,0,0,0,2,0,0,20372,19902,0,0,0,0,0,0,670,0,3722,0,0,0,0,0,0,0,0,0,0,0,22,0,0,0,0,0,0,0,0,0,1878,0,0,0,0,0,
124,0,0,768,824,510,0,0,0,2,0,4,0,0,0,0,0,0,0,0,0,0,0,0,0,0,0,24863,22729,0,0,0,0,0,0,640,0,6597,0,0,0,0,0,0,0,0,0,0,0,20,0,0,0,0,0,0,0,0,0,2161,0,0,0,0,0,
125,0,0,722,748,478,0,0,0,4,0,4,0,0,0,0,0,0,0,0,0,0,0,0,0,0,0,25550,24112,0,0,0,0,0,0,594,0,7354,0,0,0,0,0,0,0,0,0,0,0,20,0,0,0,0,0,0,0,0,0,2416,0,0,0,0,0,
126,0,0,652,674,446,0,0,0,4,0,4,0,0,0,0,0,0,0,0,0,0,0,0,0,0,0,23076,21692,0,0,0,0,0,0,540,0,6650,0,0,0,0,0,0,0,0,0,0,0,18,0,0,0,0,0,0,0,0,0,2206,0,0,0,0,0,
127,0,0,518,564,380,0,0,0,4,0,2,0,0,0,0,0,0,0,0,0,0,0,0,0,0,0,19434,18298,0,0,0,0,0,0,464,0,5538,0,0,0,0,0,0,0,0,0,0,0,10,0,0,0,0,0,0,0,0,0,1862,0,0,0,0,0,
128,0,0,438,460,302,0,0,0,4,0,2,0,0,0,0,0,0,0,0,0,0,0,0,0,0,0,15694,14772,0,0,0,0,0,0,364,0,4386,0,0,0,0,0,0,0,0,0,0,0,8,0,0,0,0,0,0,0,0,0,1482,0,0,0,0,0,
129,0,0,332,336,246,0,0,0,2,0,0,0,0,0,0,0,0,0,0,0,0,0,0,0,0,0,12070,11306,0,0,0,0,0,0,272,0,3354,0,0,0,0,0,0,0,0,0,0,0,4,0,0,0,0,0,0,0,0,0,1154,0,0,0,0,0,
130,0,0,274,262,174,0,0,0,2,0,0,0,0,0,0,0,0,0,0,0,0,0,0,0,0,0,9450,8826,0,0,0,0,0,0,222,0,2606,0,0,0,0,0,0,0,0,0,0,0,4,0,0,0,0,0,0,0,0,0,920,0,0,0,0,0,
131,0,0,218,204,138,0,0,0,4,0,0,0,0,0,0,0,0,0,0,0,0,0,0,0,0,0,7544,7090,0,0,0,0,0,0,180,0,2064,0,0,0,0,0,0,0,0,0,0,0,4,0,0,0,0,0,0,0,0,0,730,0,0,0,0,0,
132,0,0,180,164,108,0,0,0,2,0,0,0,0,0,0,0,0,0,0,0,0,0,0,0,0,0,7057,5756,0,0,0,0,0,0,142,0,1670,0,0,0,0,0,0,0,0,0,0,0,4,0,0,0,0,0,0,0,0,0,592,0,0,0,0,0,
133,0,0,148,140,88,2,0,0,0,0,0,0,0,0,0,0,0,0,0,0,0,0,0,0,0,0,14366,7626,0,0,0,0,0,0,124,0,3252,0,0,0,0,0,0,0,0,0,0,0,0,0,0,0,0,0,0,0,0,0,1086,0,0,0,0,0,
134,0,0,124,118,72,2,0,0,0,0,0,0,0,0,0,0,0,0,0,0,0,0,0,0,0,0,22009,11739,0,0,0,0,0,0,667,0,4366,0,0,0,0,0,0,0,0,0,0,0,0,0,0,0,0,0,0,0,0,0,1851,0,0,0,0,0,
135,0,0,112,679,66,0,0,0,0,0,0,0,0,0,0,0,0,0,0,0,0,0,0,0,0,0,25443,16641,0,0,0,0,0,0,1084,0,3886,0,0,0,0,0,0,0,0,0,0,0,0,0,0,0,0,0,0,0,0,0,2408,0,0,0,0,0,
136,0,0,102,1724,64,0,0,0,2,0,0,0,0,0,0,0,0,0,0,0,0,0,0,0,0,0,28841,19820,0,0,0,0,0,0,998,0,4051,0,0,0,0,0,0,0,0,0,0,0,0,0,0,0,0,0,0,0,0,0,2604,0,0,0,0,0,
137,0,0,92,2104,58,0,0,0,2,0,0,0,0,0,0,0,0,0,0,0,0,0,0,2,0,0,28696,19252,0,0,0,0,0,0,926,0,4116,0,0,0,0,0,0,0,0,0,0,0,0,0,0,0,0,0,0,0,0,0,2422,0,0,0,0,0,
138,0,0,84,1824,52,0,0,0,2,0,0,0,0,0,0,0,0,0,0,0,0,0,0,2,0,0,25706,17160,0,0,0,0,0,0,828,0,3658,0,0,0,0,0,0,0,0,0,0,0,0,0,0,0,0,0,0,0,0,0,2154,0,0,0,0,0,
139,0,0,72,1586,44,0,0,0,2,0,0,0,0,0,0,0,0,0,0,0,0,0,0,2,0,0,21700,14612,0,0,0,0,0,0,700,0,3064,0,0,0,0,0,0,0,0,0,0,0,0,0,0,0,0,0,0,0,0,0,1832,0,0,0,0,0,
140,0,0,58,1272,34,0,0,0,0,0,0,0,0,0,0,0,0,0,0,0,0,0,0,2,0,0,17454,11716,0,0,0,0,0,0,570,0,2486,0,0,0,0,0,0,0,0,0,0,0,0,0,0,0,0,0,0,0,0,0,1468,0,0,0,0,0,
141,0,0,36,980,28,0,0,0,0,0,0,0,0,0,0,0,0,0,0,0,0,0,0,2,0,0,13634,9054,0,0,0,0,0,0,462,0,1894,0,0,0,0,0,0,0,0,0,0,0,0,0,0,0,0,0,0,0,0,0,1152,0,0,0,0,0,
142,0,0,26,760,22,0,0,0,0,0,0,0,0,0,0,0,0,0,0,0,0,0,0,2,0,0,10442,6956,0,0,0,0,0,0,358,0,1454,0,0,0,0,0,0,0,0,0,0,0,0,0,0,0,0,0,0,0,0,0,906,0,0,0,0,0,
143,0,0,18,608,20,0,2,6,6,0,0,0,0,0,0,0,0,0,0,0,0,0,0,2,0,0,8142,5468,0,0,0,0,0,0,286,0,1146,0,0,0,0,0,0,0,0,0,0,0,0,0,0,0,0,0,0,0,0,0,712,0,0,0,0,0,
144,0,0,12,494,18,0,2,2,2,0,0,0,0,0,0,0,0,0,0,0,0,0,0,0,0,0,6510,4358,0,0,0,0,0,0,212,0,910,0,0,0,0,0,0,0,0,0,0,0,0,0,0,0,0,0,0,0,0,2,588,0,0,0,0,0,
145,0,0,10,414,12,0,0,0,0,0,0,570,0,0,0,0,0,0,0,0,0,0,0,0,0,0,13632,9368,0,0,0,0,0,0,184,0,1137,0,0,0,0,0,0,0,0,0,0,0,0,0,0,0,0,0,0,0,0,0,484,0,0,0,0,0,
146,0,0,10,350,10,0,0,0,0,0,0,952,0,0,0,0,0,0,0,0,0,0,0,0,0,0,20938,14677,0,0,0,0,0,0,584,0,1324,0,0,0,0,0,0,0,0,0,0,0,0,0,0,0,0,0,0,0,0,0,817,0,0,0,0,0,
147,0,0,8,298,6,0,0,0,0,0,0,854,0,0,0,0,0,0,0,0,0,0,0,0,0,0,21298,15856,0,0,0,0,0,0,890,0,1172,0,0,0,0,0,0,0,0,0,0,0,2,0,0,0,0,0,0,0,0,0,1070,0,0,0,0,0,
148,0,0,6,274,4,0,0,0,0,0,0,798,0,0,0,0,0,0,0,0,0,0,0,0,0,0,21909,17631,0,0,0,0,0,0,816,0,1516,0,0,0,0,0,0,0,0,0,0,0,0,0,0,0,0,0,0,0,0,0,1954,0,0,0,0,0,
149,0,0,6,244,4,2,0,0,0,0,0,738,0,0,0,0,0,0,0,0,0,0,0,0,0,0,22026,18438,0,0,0,0,0,0,760,0,1788,0,0,0,0,0,0,0,0,0,0,0,0,0,0,0,0,0,0,0,0,0,2732,0,0,0,0,0,
150,0,0,6,214,4,2,0,0,0,0,0,664,0,0,0,0,0,0,0,0,0,0,0,0,0,0,19962,16568,0,0,0,0,0,0,684,0,1616,0,0,0,0,0,0,0,0,0,0,0,0,0,0,0,0,0,0,0,0,0,2442,0,0,0,0,0,
151,0,0,6,176,4,2,0,0,0,0,0,560,0,0,0,0,0,0,0,0,0,0,0,0,0,0,16926,14032,0,0,0,0,0,0,572,0,1350,0,0,0,0,0,0,0,0,0,0,0,0,0,0,0,0,0,0,0,0,0,2042,0,0,0,0,0,
152,0,0,6,144,4,2,0,0,0,0,0,436,0,0,0,0,0,0,0,0,0,0,0,0,0,0,13586,11244,0,0,0,0,0,0,476,0,1100,0,0,0,0,0,0,0,0,0,0,0,0,0,0,0,0,0,0,0,0,0,1668,0,0,0,0,0,
153,0,0,6,104,4,2,0,0,0,0,0,356,0,0,0,0,0,0,0,0,0,0,0,0,0,0,10466,8680,0,0,0,0,0,0,378,0,850,0,0,0,0,0,0,0,0,0,0,0,0,0,0,0,0,0,0,0,0,0,1276,0,0,0,0,0,
154,0,0,4,88,4,2,0,0,0,0,0,268,0,0,0,0,0,0,0,0,0,0,0,0,0,0,8024,6664,0,0,0,0,0,0,296,0,636,0,0,0,0,0,0,0,0,0,0,0,0,0,0,0,0,0,0,0,0,0,974,0,0,0,0,0,
155,0,0,4,64,0,0,0,0,0,0,0,196,0,0,0,0,0,0,0,0,0,0,0,0,0,0,6432,5296,0,0,0,0,0,0,226,0,490,0,0,0,0,0,0,0,0,0,0,0,0,0,0,0,0,0,0,0,0,0,730,0,0,0,0,0,
156,0,0,2,54,0,0,0,0,0,0,0,168,0,0,0,0,0,0,0,0,0,0,0,0,0,0,5166,4737,0,0,0,0,0,0,186,0,408,0,0,0,0,0,0,0,0,0,0,0,0,0,0,0,0,0,0,0,0,0,602,0,0,0,0,0,
157,0,0,2,54,4,0,0,0,0,0,0,144,0,0,0,0,0,0,0,0,0,0,0,0,0,0,11202,7760,0,0,0,0,0,0,150,0,1737,0,0,0,0,0,0,0,0,0,0,0,4,0,0,0,0,0,0,0,0,0,903,0,0,0,0,0,
158,0,0,576,613,0,0,0,0,0,0,0,138,0,0,0,0,0,0,0,0,0,0,0,0,0,0,18688,10716,0,0,0,0,0,0,138,0,2718,0,0,0,0,0,0,0,0,0,0,0,0,0,0,0,0,0,0,0,0,0,1166,0,0,0,0,0,
159,0,0,1032,1044,0,417,0,0,0,0,0,118,0,0,0,2,0,0,0,0,0,0,0,2,0,0,21081,12519,0,0,0,0,0,0,116,0,2444,0,0,0,0,0,0,0,0,0,0,0,0,0,0,0,0,0,0,0,0,0,1034,0,0,0,0,0,
160,0,0,1370,984,0,770,0,0,2,0,0,108,0,0,0,0,0,0,0,0,0,0,0,2,0,0,22298,15422,0,0,0,0,0,0,104,0,2264,0,0,0,0,0,0,0,0,0,0,0,0,0,0,0,0,0,0,0,0,0,966,0,0,0,0,0,
161,0,0,1662,918,0,716,0,0,2,0,0,90,0,0,0,0,0,0,0,0,0,0,0,4,0,0,21730,16124,0,0,0,0,0,0,90,0,2104,0,0,0,0,0,0,0,0,0,0,0,0,0,0,0,0,0,0,0,0,0,926,0,0,0,0,0,
162,0,0,1490,842,0,636,0,0,2,0,0,80,0,0,0,0,0,0,0,0,0,0,0,4,0,0,19350,14456,0,0,0,0,0,0,80,0,1894,0,0,0,0,0,0,0,0,0,0,0,0,0,0,0,0,0,0,0,0,0,802,0,0,0,0,0,
163,0,0,1276,706,0,542,0,0,2,0,0,64,0,0,0,0,0,0,0,0,0,0,0,4,0,0,16332,12274,0,0,0,0,0,0,64,0,1612,0,0,0,0,0,0,0,0,0,0,0,0,0,0,0,0,0,0,0,0,0,674,0,0,0,0,0,
164,0,0,1068,564,0,438,0,0,2,0,0,54,0,0,0,0,0,0,0,0,0,0,0,4,0,0,13196,10022,0,0,0,0,0,0,48,0,1318,0,0,0,0,0,0,0,0,0,0,0,0,0,0,0,0,0,0,0,0,0,550,0,0,0,0,0,
165,0,0,820,432,0,362,0,0,2,0,0,42,0,0,0,0,0,0,0,0,0,0,0,2,0,0,10480,7928,0,0,0,0,0,0,34,0,1048,0,0,0,0,0,0,0,0,0,0,0,0,0,0,0,0,0,0,0,0,0,406,0,0,0,0,0,
166,0,0,608,330,0,286,0,0,0,0,0,36,0,0,0,0,0,0,0,0,0,0,0,0,0,0,7960,6034,0,0,0,0,0,0,30,0,780,0,0,0,0,0,0,0,0,0,0,0,0,0,0,0,0,0,0,0,0,0,308,0,0,0,0,0,
167,0,0,478,256,0,226,0,0,0,0,0,28,0,0,0,0,0,0,0,0,0,0,0,0,0,0,6258,4830,0,0,0,0,0,0,18,0,614,0,0,0,0,0,0,0,0,0,0,0,0,0,0,0,0,0,0,0,0,0,246,0,0,0,0,0,
168,0,0,370,222,0,188,0,0,0,0,0,24,0,0,0,0,0,0,0,0,0,0,0,0,0,0,5030,3892,0,0,0,0,0,0,12,0,486,0,0,0,0,0,0,0,0,0,0,0,0,0,0,0,0,0,0,0,0,0,184,0,0,0,0,0,
169,0,0,314,607,0,158,0,0,0,0,0,18,0,0,0,0,0,0,0,0,0,0,0,0,0,0,7723,7293,0,0,0,0,0,0,12,0,426,0,0,0,0,0,0,0,0,0,0,0,0,0,0,0,0,0,0,0,0,0,156,0,0,0,0,0,
170,0,0,679,896,0,144,0,0,0,0,0,18,0,0,0,0,0,0,0,0,0,0,0,567,0,0,12336,11136,0,0,0,0,0,0,8,0,795,0,0,0,0,0,0,0,0,0,0,0,2,0,0,0,0,0,0,0,0,0,140,0,0,0,0,0,
171,0,0,996,1189,0,128,0,0,0,0,0,16,0,0,0,0,0,0,0,0,0,0,0,1030,0,0,14634,12200,0,0,0,0,0,0,6,0,1498,0,0,0,0,0,0,0,0,0,0,0,0,0,0,0,0,0,0,0,0,0,124,0,0,0,0,0,
172,0,0,948,1512,0,114,0,0,0,0,0,16,0,0,0,0,0,0,0,0,0,0,0,974,0,0,15327,13952,0,0,0,0,0,0,6,0,2188,0,0,0,0,0,0,0,0,0,0,0,0,0,0,0,0,0,0,0,0,0,120,0,0,0,0,0,
173,0,0,866,1406,0,104,0,0,0,0,0,14,0,0,0,0,0,0,0,0,0,0,0,924,0,0,14794,14516,0,0,0,0,0,0,4,0,2454,0,0,0,0,0,0,0,0,0,0,0,0,0,0,0,0,0,0,0,0,0,114,0,0,0,0,0,
174,0,0,760,1264,0,90,0,0,0,0,0,12,0,0,0,0,0,0,0,0,0,0,0,850,0,0,13330,13068,0,0,0,0,0,0,4,0,2170,0,0,0,0,0,0,0,0,0,0,0,0,0,0,0,0,0,0,0,0,0,104,0,0,0,0,0,
175,0,0,640,1078,0,78,0,0,0,0,0,8,0,0,0,0,0,0,0,0,0,0,0,734,0,0,11116,10906,0,0,0,0,0,0,4,0,1840,0,0,0,0,0,0,0,0,0,0,0,0,0,0,0,0,0,0,0,0,0,86,0,0,0,0,0,
176,0,0,518,842,0,66,0,0,0,0,0,6,0,0,0,0,0,0,0,0,0,0,0,606,0,0,8974,8888,0,0,0,0,0,0,4,0,1484,0,0,0,0,0,0,0,0,0,0,0,0,0,0,0,0,0,0,0,0,0,62,0,0,0,0,0,
177,0,0,404,632,0,46,0,0,0,0,0,6,0,0,0,0,0,0,0,0,0,0,0,434,0,0,6932,6766,0,0,0,0,0,0,2,0,1134,0,0,0,0,0,0,0,0,0,0,0,0,0,0,0,0,0,0,0,0,0,46,0,0,0,0,0,
178,0,0,302,488,0,38,0,0,0,0,0,6,0,0,0,0,0,0,0,0,0,0,0,338,0,0,5412,5158,0,0,0,0,0,0,2,0,918,0,0,0,0,0,0,0,0,0,0,0,0,0,0,0,0,0,0,0,0,0,34,0,0,0,0,0,
179,0,0,230,376,0,30,0,0,0,0,0,6,0,0,0,0,0,0,0,0,0,0,0,266,0,0,4146,4020,0,0,0,0,0,0,2,0,734,0,0,0,0,0,0,0,0,0,0,0,0,0,0,0,0,0,0,0,0,0,24,0,0,0,0,0,
180,0,0,188,292,0,24,0,0,0,0,0,6,0,0,0,0,0,0,0,0,0,0,0,222,0,0,3981,3726,0,0,0,0,0,0,0,0,594,0,0,0,0,0,0,0,0,0,0,0,0,0,0,0,0,0,0,0,0,0,16,0,0,0,0,0,
181,0,0,152,236,2,22,0,0,0,0,418,0,0,0,0,0,0,0,0,0,0,0,0,194,0,0,6243,6079,0,0,0,0,0,0,0,2,512,0,0,0,0,0,0,0,0,0,0,0,0,0,0,0,0,0,0,0,0,0,16,0,0,0,0,0,
182,0,0,130,206,0,18,0,0,0,0,726,0,0,0,0,0,0,0,0,0,0,0,0,176,0,0,9871,9180,0,0,0,0,0,0,0,0,460,0,0,0,0,0,0,0,0,0,0,0,0,0,0,0,0,0,0,0,0,0,16,0,0,0,0,0,
183,0,0,110,190,0,16,0,0,2,0,638,0,0,0,0,0,0,0,0,0,0,0,0,148,0,0,11695,9648,0,0,0,0,0,0,0,0,833,0,0,0,0,0,0,0,0,0,0,0,0,0,0,0,0,0,0,0,0,0,12,0,0,0,0,0,
184,0,0,104,596,2,12,0,0,0,0,606,0,0,0,0,0,0,0,0,0,0,0,0,134,0,0,12938,9590,0,0,0,0,0,0,0,0,1575,0,0,0,0,0,0,0,0,0,0,0,0,0,0,0,0,0,0,0,0,0,426,0,0,0,0,0,
185,0,0,92,920,0,12,0,0,2,0,566,0,0,0,0,0,0,0,0,0,0,0,0,122,0,0,13320,10366,0,0,0,0,0,0,2,0,1864,0,0,0,0,0,0,0,0,0,0,0,0,0,0,0,0,0,0,0,0,0,798,0,0,0,0,0,
186,0,0,82,834,0,10,0,0,2,0,516,0,0,0,0,0,0,0,0,0,0,0,0,118,0,0,11876,9990,0,0,0,0,0,0,2,0,1678,0,0,0,0,0,0,0,0,0,0,0,0,0,0,0,0,0,0,0,0,0,726,0,0,0,0,0,
187,0,0,60,738,0,10,0,0,2,0,446,0,0,0,0,0,0,0,0,0,0,0,0,102,0,0,10350,8638,0,0,0,0,0,0,2,0,1454,0,0,0,0,0,0,0,0,0,0,0,0,0,0,0,0,0,0,0,0,0,628,0,0,0,0,0,
188,0,0,50,578,0,6,0,0,2,0,342,0,0,0,0,0,0,0,0,0,0,0,0,92,0,0,8376,6958,0,0,0,0,0,0,0,0,1128,0,0,0,0,0,0,0,0,0,0,0,0,0,0,0,0,0,0,0,0,0,492,0,0,0,0,0,
189,0,0,40,442,0,4,0,0,0,0,268,0,0,0,0,0,0,0,0,0,0,0,0,76,0,0,6702,5610,0,0,0,0,0,0,0,0,868,0,0,0,0,0,0,0,0,0,0,0,0,0,0,0,0,0,0,0,0,0,380,0,0,0,0,0,
190,0,0,36,348,0,4,0,0,0,0,206,0,0,0,0,0,0,0,0,0,0,0,0,60,0,0,5182,4316,0,0,0,0,0,0,0,0,672,0,0,0,0,0,0,0,0,0,0,0,0,0,0,0,0,0,0,0,0,0,274,0,0,0,0,0,
191,0,0,30,284,0,4,0,0,2,0,162,0,0,0,0,0,0,0,0,0,0,0,0,48,0,0,4178,3480,0,0,0,0,0,0,0,0,522,0,0,0,0,0,0,0,0,0,0,0,0,0,0,0,0,0,0,0,0,0,218,0,0,0,0,0,
192,0,0,22,242,0,4,0,0,0,0,130,0,0,0,0,0,0,0,0,0,0,0,0,42,0,0,3480,2866,0,0,0,0,0,0,0,0,436,0,0,0,0,0,0,0,0,0,0,0,0,0,0,0,0,0,0,0,0,0,174,0,0,0,0,0,
193,0,0,20,214,0,577,0,0,0,0,112,0,0,0,0,0,0,0,0,0,0,0,0,42,0,0,6035,5768,0,0,0,0,0,0,0,0,382,0,0,0,0,0,0,0,0,0,0,0,0,0,0,0,0,0,0,0,0,0,148,0,0,0,0,0,
194,0,0,18,178,0,1040,0,0,0,0,92,0,0,0,0,411,0,0,0,0,0,0,0,36,0,0,10245,8970,0,0,0,0,0,0,0,0,356,0,0,0,0,0,0,0,0,0,0,0,0,0,0,0,0,0,0,0,0,0,130,0,0,0,0,0,
195,0,0,14,158,0,962,0,0,2,0,78,0,0,0,0,754,0,0,0,0,0,0,0,34,0,0,12344,9072,0,0,0,0,0,0,418,0,332,0,0,0,0,0,0,0,0,0,0,0,0,0,0,0,0,0,0,0,0,2,530,0,0,0,0,0,
196,0,0,14,142,0,910,0,0,0,0,72,2,0,0,0,704,0,0,0,0,0,0,0,32,0,0,14270,8898,0,0,0,0,0,0,796,0,725,0,0,0,0,0,0,0,0,0,0,0,0,0,0,0,0,0,0,0,0,0,1308,0,0,0,0,0,
197,0,0,12,138,0,872,0,0,2,0,64,0,0,0,0,658,0,0,0,0,0,0,0,30,0,0,16365,9119,0,0,0,0,0,0,750,0,1056,0,0,0,0,0,0,0,0,0,0,0,0,0,0,0,0,0,0,0,0,0,1606,0,0,0,0,0,
198,0,0,12,116,0,770,0,0,2,0,56,0,0,0,0,590,0,0,0,0,0,0,0,22,0,0,15788,8548,0,0,0,0,0,0,670,0,956,0,0,0,0,0,0,0,0,0,0,0,0,0,0,0,0,0,0,0,0,0,1426,0,0,0,0,0,
199,0,0,12,98,0,664,0,0,0,0,44,0,0,0,0,506,0,0,0,0,0,0,0,18,0,0,13624,7380,0,0,0,0,0,0,594,0,826,0,0,0,0,0,0,0,0,0,0,0,0,0,0,0,0,0,0,0,0,0,1216,0,0,0,0,0,
200,0,0,12,84,0,516,0,0,0,0,42,0,0,0,0,426,0,0,0,0,0,0,0,16,0,0,10874,5944,0,0,0,0,0,0,470,0,650,0,0,0,0,0,0,0,0,0,0,0,0,0,0,0,0,0,0,0,0,0,1000,0,0,0,0,0,
201,0,0,12,70,0,400,0,0,0,0,34,0,0,0,0,362,0,0,0,0,0,0,0,14,0,0,8616,4664,0,0,0,0,0,0,376,0,498,0,0,0,0,0,0,0,0,0,0,0,0,0,0,0,0,0,0,0,0,0,808,0,0,0,0,0,
202,0,0,10,58,0,318,0,0,0,0,28,0,0,0,0,284,0,0,0,0,0,0,0,10,0,0,6484,3586,0,0,0,0,0,0,280,0,376,0,0,0,0,0,0,0,0,0,0,0,0,0,0,0,0,0,0,0,0,0,646,0,0,0,0,0,
203,0,0,10,38,0,222,0,0,0,0,16,0,0,0,0,226,0,0,0,0,0,0,0,4,0,0,5180,2858,0,0,0,0,0,0,218,0,296,0,0,0,0,0,0,0,0,0,0,0,0,0,0,0,0,0,0,0,0,0,490,0,0,0,0,0,
204,0,0,6,30,0,166,0,0,2,0,10,0,0,0,0,178,0,0,0,0,0,0,0,2,0,0,4202,2294,0,0,0,0,0,0,172,0,240,0,0,0,0,0,0,0,0,0,0,0,0,0,0,0,0,0,0,0,0,0,396,0,0,0,0,0,
205,0,0,417,18,0,142,0,0,0,0,10,0,0,0,0,158,0,0,0,0,0,0,0,0,0,0,5761,3520,0,0,0,0,0,0,144,0,1049,0,0,0,0,0,0,0,0,0,0,0,0,0,0,0,0,0,0,0,0,0,915,0,0,0,0,0,
206,0,0,728,16,0,124,0,0,2,0,10,0,0,0,0,136,0,0,0,0,0,0,0,4,0,0,10006,4554,0,0,0,0,0,0,130,0,2504,0,0,0,0,0,0,0,0,0,0,0,0,0,0,0,0,0,0,0,0,0,2318,0,0,0,0,0,
207,0,0,632,14,0,106,0,0,0,0,10,0,0,0,0,124,0,0,0,0,0,0,0,0,0,0,14002,4899,0,0,0,0,0,0,104,0,3413,0,0,0,0,0,0,0,0,0,0,0,0,0,0,0,0,0,0,0,0,0,3028,0,0,0,0,0,
208,0,0,604,12,0,94,0,0,0,0,10,0,0,0,0,114,0,0,0,0,0,0,0,0,0,0,16339,5707,0,0,0,0,0,0,88,0,3590,0,0,0,0,0,0,0,0,0,0,0,0,0,0,0,0,0,0,0,0,0,2800,0,0,0,0,0,
209,0,0,556,16,0,86,0,0,0,0,10,0,0,0,0,106,0,0,0,0,0,0,0,0,0,0,16334,5658,0,0,0,0,0,0,80,0,3306,0,0,0,0,0,0,0,0,0,0,0,0,0,0,0,0,0,0,0,0,0,2608,0,0,0,0,0,
210,0,0,488,12,0,76,0,0,0,0,10,0,0,0,0,94,0,0,0,0,0,0,0,0,0,0,14558,5032,0,0,0,0,0,0,64,0,2910,0,0,0,0,0,0,0,0,0,0,0,0,0,0,0,0,0,0,0,0,0,2330,0,0,0,0,2,
211,0,0,424,10,0,64,0,0,0,0,8,0,0,0,0,82,0,0,0,0,0,0,0,0,0,0,12342,4262,0,0,0,0,0,0,46,0,2460,0,0,0,0,0,0,0,0,0,0,0,0,0,0,0,0,0,0,0,0,0,1982,0,0,0,0,2,
212,0,0,376,10,0,52,0,0,0,0,4,0,0,0,0,68,0,0,0,0,0,0,0,0,0,0,10296,3566,0,0,0,0,0,0,36,0,2032,0,0,0,0,0,0,0,0,0,0,0,0,0,0,0,0,0,0,0,0,0,1616,0,0,0,0,2,
213,0,0,280,8,0,42,0,0,0,0,2,0,0,0,0,56,0,0,0,0,0,0,0,0,0,0,7852,2766,0,0,0,0,0,0,24,0,1562,0,0,0,0,0,0,0,0,0,0,0,0,0,0,0,0,0,0,0,0,0,1256,0,0,0,0,2,
